name,parent area,type,sub type
England,,Country,
North East,England,EA Area,
Cumbria and Lancashire,England,EA Area,
Yorkshire,England,EA Area,
Greater Manchester Merseyside and Cheshire,England,EA Area,
Lincolnshire and Northamptonshire,England,EA Area,
East Midlands,England,EA Area,
West Midlands,England,EA Area,
Wessex,England,EA Area,
Devon Cornwall and the Isles of Scilly,England,EA Area,
East Anglia,England,EA Area,
Thames,England,EA Area,
Hertfordshire and North London,England,EA Area,
Solent and South Downs,England,EA Area,
Kent South London and East Sussex,England,EA Area,
EA Test Area,England,EA Area,
PSO Cumbria,Cumbria and Lancashire,PSO Area,
PSO Lancashire,Cumbria and Lancashire,PSO Area,
PSO East Devon and Cornwall,Devon Cornwall and the Isles of Scilly,PSO Area,
PSO West Devon and Cornwall,Devon Cornwall and the Isles of Scilly,PSO Area,
PSO Cambridge and Bedfordshire,East Anglia,PSO Area,
PSO Coastal Essex Suffolk and Norfolk,East Anglia,PSO Area,
PSO Essex,East Anglia,PSO Area,
PSO Norfolk and Suffolk,East Anglia,PSO Area,
PSO Derbyshire and Leicestershire,East Midlands,PSO Area,
PSO Nottinghamshire and Tidal Trent,East Midlands,PSO Area,
PSO Cheshire and Merseyside,Greater Manchester Merseyside and Cheshire,PSO Area,
PSO Greater Manchester,Greater Manchester Merseyside and Cheshire,PSO Area,
PSO London East,Hertfordshire and North London,PSO Area,
PSO London West,Hertfordshire and North London,PSO Area,
PSO Luton Hertfordshire and Essex,Hertfordshire and North London,PSO Area,
PSO East Kent,Kent South London and East Sussex,PSO Area,
PSO South East London and North Kent,Kent South London and East Sussex,PSO Area,
PSO South West London and Mole,Kent South London and East Sussex,PSO Area,
PSO West Kent,Kent South London and East Sussex,PSO Area,
PSO Coastal Lincolnshire and Northamptonshire,Lincolnshire and Northamptonshire,PSO Area,
PSO Lincolnshire,Lincolnshire and Northamptonshire,PSO Area,
PSO Welland and Nene,Lincolnshire and Northamptonshire,PSO Area,
PSO Durham and Tees Valley,North East,PSO Area,
PSO Tyne and Wear and Northumberland,North East,PSO Area,
PSO East Sussex,Solent and South Downs,PSO Area,
PSO Hampshire and Isle of Wight,Solent and South Downs,PSO Area,
PSO West Sussex,Solent and South Downs,PSO Area,
PSO Berkshire and Buckinghamshire,Thames,PSO Area,
PSO Oxfordshire,Thames,PSO Area,
PSO Surrey,Thames,PSO Area,
PSO Dorset and Wiltshire,Wessex,PSO Area,
PSO Somerset,Wessex,PSO Area,
PSO West of England,Wessex,PSO Area,
PSO Herefordshire and Gloucestershire,West Midlands,PSO Area,
PSO Shropshire Worcestershire Telford and Wrekin,West Midlands,PSO Area,
PSO Staffordshire and the Black Country,West Midlands,PSO Area,
PSO Warwickshire Birmingham Solihull and Coventry,West Midlands,PSO Area,
PSO East Yorkshire,Yorkshire,PSO Area,
PSO North Yorkshire,Yorkshire,PSO Area,
PSO South Yorkshire,Yorkshire,PSO Area,
PSO West Yorkshire,Yorkshire,PSO Area,
PSO Test Area,EA Test Area,PSO Area,
Adur and Worthing Councils,PSO West Sussex,RMA,LA
Adur District Council,PSO West Sussex,RMA,LA
Ainsty (2008) IDB,PSO North Yorkshire,RMA,IDB
Airedale Drainage Commissioners,PSO North Yorkshire,RMA,IDB
Alconbury and Ellington IDB,PSO Cambridge and Bedfordshire,RMA,IDB
Allerdale District Council,PSO Cumbria,RMA,LA
Amber Valley Borough Council,PSO Derbyshire and Leicestershire,RMA,LA
Ancholme IDB,PSO Lincolnshire,RMA,IDB
Anglian Water,PSO Cambridge and Bedfordshire,RMA,WC
Arun District Council,PSO West Sussex,RMA,LA
Ashfield District Council,PSO Nottinghamshire and Tidal Trent,RMA,LA
Ashford Borough Council,PSO East Kent,RMA,LA
Axe Brue IDB,PSO Somerset,RMA,IDB
Aylesbury Vale District Council,PSO Berkshire and Buckinghamshire,RMA,LA
Babergh District Council,PSO Norfolk and Suffolk,RMA,LA
Barnsley Borough Council,PSO South Yorkshire,RMA,LA
Barrow in Furness Borough Council,PSO Cumbria,RMA,LA
Basildon Borough Council,PSO Essex,RMA,LA
Basingstoke and Deane Borough Council,PSO Surrey,RMA,LA
Bassetlaw District Council,PSO Nottinghamshire and Tidal Trent,RMA,LA
Bath and North East Somerset Council,PSO West of England,RMA,LA
Bedford Borough Council,PSO Cambridge and Bedfordshire,RMA,LA
Bedfordshire and River Ivel IDB,PSO Cambridge and Bedfordshire,RMA,IDB
Benwick IDB,PSO Cambridge and Bedfordshire,RMA,IDB
Beverley and North Holderness IDB,PSO East Yorkshire,RMA,IDB
Birmingham City Council,PSO Warwickshire Birmingham Solihull and Coventry,RMA,LA
Blaby District Council,PSO Derbyshire and Leicestershire,RMA,LA
Black Sluice IDB,PSO Lincolnshire,RMA,IDB
Blackburn with Darwen Borough Council,PSO Lancashire,RMA,LA
Blackpool Council,PSO Lancashire,RMA,LA
Bluntisham IDB,PSO Cambridge and Bedfordshire,RMA,IDB
Bolsover District Council,PSO Nottinghamshire and Tidal Trent,RMA,LA
Bolton Borough Council,PSO Greater Manchester,RMA,LA
Borough Council of Wellingborough,PSO Welland and Nene,RMA,LA
Borough of Poole,PSO Dorset and Wiltshire,RMA,LA
Boston Borough Council,PSO Coastal Lincolnshire and Northamptonshire,RMA,LA
Bournemouth Borough Council,PSO Dorset and Wiltshire,RMA,LA
Bracknell Forest Borough Council,PSO Berkshire and Buckinghamshire,RMA,LA
Bradford City Council,PSO West Yorkshire,RMA,LA
Braintree District Council,PSO Essex,RMA,LA
Breckland District Council,PSO Cambridge and Bedfordshire,RMA,LA
Brentwood Borough Council,PSO Essex,RMA,LA
Brighton and Hove City Council,PSO East Sussex,RMA,LA
Bristol City Council,PSO West of England,RMA,LA
Broadland District Council,PSO Norfolk and Suffolk,RMA,LA
Broads (2006) IDB,PSO Norfolk and Suffolk,RMA,IDB
Bromsgrove District Council,PSO Warwickshire Birmingham Solihull and Coventry,RMA,LA
Broxbourne Borough Council,PSO Luton Hertfordshire and Essex,RMA,LA
Broxtowe Borough Council,PSO Nottinghamshire and Tidal Trent,RMA,LA
Buckingham and River Ouzel IDB,PSO Cambridge and Bedfordshire,RMA,IDB
Buckinghamshire County Council,PSO Berkshire and Buckinghamshire,RMA,LA
Burnley Borough Council,PSO Lancashire,RMA,LA
Burnt Fen IDB,PSO Cambridge and Bedfordshire,RMA,IDB
Bury Borough Council,PSO Greater Manchester,RMA,LA
Calderdale Borough Council,PSO West Yorkshire,RMA,LA
Cambridge City Council,PSO Cambridge and Bedfordshire,RMA,LA
Cambridgeshire County Council,PSO Cambridge and Bedfordshire,RMA,LA
Cannock Chase District Council,PSO Staffordshire and the Black Country,RMA,LA
Canterbury City Council,PSO East Kent,RMA,LA
Carlisle City Council,PSO Cumbria,RMA,LA
Castle Point District Council,PSO Essex,RMA,LA
Cawdle Fen IDB,PSO Cambridge and Bedfordshire,RMA,IDB
Central Bedfordshire Council,PSO Cambridge and Bedfordshire,RMA,LA
Charnwood Borough Council,PSO Derbyshire and Leicestershire,RMA,LA
Chelmsford City Council,PSO Essex,RMA,LA
Cheltenham Borough Council,PSO Herefordshire and Gloucestershire,RMA,LA
Cherwell District Council,PSO Oxfordshire,RMA,LA
Cheshire East Council,PSO Cheshire and Merseyside,RMA,LA
Cheshire West and Chester Council,PSO Cheshire and Merseyside,RMA,LA
Chesterfield Borough Council,PSO South Yorkshire,RMA,LA
Chichester District Council,PSO West Sussex,RMA,LA
Chiltern District Council,PSO London West,RMA,LA
Chorley Borough Council,PSO Lancashire,RMA,LA
Christchurch Borough Council,PSO Dorset and Wiltshire,RMA,LA
Churchfield and Plawfield IDB,PSO Cambridge and Bedfordshire,RMA,IDB
City of London,PSO London West,RMA,IDB
City of York Council,PSO North Yorkshire,RMA,LA
Colchester Borough Council,PSO Essex,RMA,LA
Conington and Holme IDB,PSO Cambridge and Bedfordshire,RMA,IDB
Copeland Borough Council,PSO Cumbria,RMA,LA
Corby Borough Council,PSO Welland and Nene,RMA,LA
Cornwall Council,PSO West Devon and Cornwall,RMA,LA
Cotswold District Council,PSO Oxfordshire,RMA,LA
Council of the Isles of Scilly,PSO West Devon and Cornwall,RMA,LA
Coventry City Council,PSO Warwickshire Birmingham Solihull and Coventry,RMA,LA
Cowick and Snaith IDB,PSO East Yorkshire,RMA,IDB
Craven District Council,PSO North Yorkshire,RMA,LA
Crawley Borough Council,PSO South West London and Mole,RMA,LA
Cumbria County Council,PSO Cumbria,RMA,LA
Curf and Wimblington Combined IDB,PSO Cambridge and Bedfordshire,RMA,IDB
Dacorum Borough Council,PSO Luton Hertfordshire and Essex,RMA,LA
Danvm Drainage Commissioners,PSO South Yorkshire,RMA,IDB
Darlington Borough Council,PSO Durham and Tees Valley,RMA,LA
Dartford Borough Council,PSO South East London and North Kent,RMA,LA
Daventry District Council,PSO Oxfordshire,RMA,LA
Dempster IDB,PSO East Yorkshire,RMA,IDB
Derby City Council,PSO Derbyshire and Leicestershire,RMA,LA
Derbyshire County Council,PSO Derbyshire and Leicestershire,RMA,LA
Derbyshire Dales District Council,PSO Derbyshire and Leicestershire,RMA,LA
Devon County Council,PSO East Devon and Cornwall,RMA,LA
Doncaster Borough Council,PSO South Yorkshire,RMA,LA
Doncaster East IDB,PSO Nottinghamshire and Tidal Trent,RMA,IDB
Dorset County Council,PSO Dorset and Wiltshire,RMA,LA
Dover District Council,PSO East Kent,RMA,LA
Downham and Stow Bardolph IDB,PSO Cambridge and Bedfordshire,RMA,IDB
Dudley Borough Council,PSO Staffordshire and the Black Country,RMA,LA
Durham County Council,PSO Durham and Tees Valley,RMA,LA
Earby and Salterforth IDB,PSO North Yorkshire,RMA,IDB
East Cambridgeshire District Council,PSO Cambridge and Bedfordshire,RMA,LA
East Devon District Council,PSO East Devon and Cornwall,RMA,LA
East Dorset District Council,PSO Dorset and Wiltshire,RMA,LA
East Hampshire District Council,PSO Surrey,RMA,LA
East Harling IDB,PSO Cambridge and Bedfordshire,RMA,IDB
East Hertfordshire District Council,PSO Luton Hertfordshire and Essex,RMA,LA
East Lindsey District Council,PSO Lincolnshire,RMA,LA
East Northamptonshire District Council,PSO Welland and Nene,RMA,LA
East of the Ouse Polver and Nar IDB,PSO Cambridge and Bedfordshire,RMA,IDB
East Riding of Yorkshire Council,PSO East Yorkshire,RMA,LA
East Staffordshire Borough Council,PSO Warwickshire Birmingham Solihull and Coventry,RMA,LA
East Suffolk IDB,PSO Norfolk and Suffolk,RMA,IDB
East Sussex County Council,PSO East Sussex,RMA,LA
Eastbourne Borough Council,PSO East Sussex,RMA,LA
Eastleigh Borough Council,PSO Hampshire and Isle of Wight,RMA,LA
Eden District Council,PSO Staffordshire and the Black Country,RMA,LA
Elmbridge Borough Council,PSO South West London and Mole,RMA,LA
Epping Forest District Council,PSO Luton Hertfordshire and Essex,RMA,LA
Epsom and Ewell Borough Council,PSO South West London and Mole,RMA,LA
Erewash Borough Council,PSO Derbyshire and Leicestershire,RMA,LA
Essex County Council,PSO Essex,RMA,LA
Euximoor IDB,PSO Cambridge and Bedfordshire,RMA,IDB
Exeter City Council,PSO East Devon and Cornwall,RMA,LA
Fareham Borough Council,PSO Hampshire and Isle of Wight,RMA,LA
Feldale IDB,PSO Cambridge and Bedfordshire,RMA,IDB
Fenland District Council,PSO Cambridge and Bedfordshire,RMA,LA
Forest Heath District Council,PSO Cambridge and Bedfordshire,RMA,LA
Forest of Dean District Council,PSO Herefordshire and Gloucestershire,RMA,LA
Foss (2008) IDB,PSO North Yorkshire,RMA,IDB
Fylde Borough Council,PSO Lancashire,RMA,LA
Gateshead Borough Council,PSO Tyne and Wear and Northumberland,RMA,LA
Gedling Borough Council,PSO Nottinghamshire and Tidal Trent,RMA,LA
Gloucester City Council,PSO Herefordshire and Gloucestershire,RMA,LA
Gloucestershire County Council,PSO Herefordshire and Gloucestershire,RMA,LA
Goole and Airmyn IDB,PSO North Yorkshire,RMA,IDB
Goole Fields District DB,PSO East Yorkshire,RMA,IDB
Gosport Borough Council,PSO Hampshire and Isle of Wight,RMA,LA
Gravesham Borough Council,PSO South East London and North Kent,RMA,LA
Great Yarmouth Borough Council,PSO Coastal Essex Suffolk and Norfolk,RMA,LA
Guildford Borough Council,PSO Surrey,RMA,LA
Haddenham Level Drainage Commisioners,PSO Cambridge and Bedfordshire,RMA,IDB
Halton Borough Council,PSO Cheshire and Merseyside,RMA,LA
Hambleton District Council,PSO North Yorkshire,RMA,LA
Hampshire County Council,PSO Hampshire and Isle of Wight,RMA,LA
Harborough District Council,PSO Derbyshire and Leicestershire,RMA,LA
Harlow District Council,PSO Luton Hertfordshire and Essex,RMA,LA
Harrogate Borough Council,PSO North Yorkshire,RMA,LA
Hart District Council,PSO Surrey,RMA,LA
Hartlepool Borough Council,PSO Durham and Tees Valley,RMA,LA
Hastings Borough Council,PSO East Sussex,RMA,LA
Havant Borough Council,PSO Hampshire and Isle of Wight,RMA,LA
Herefordshire Council,PSO Herefordshire and Gloucestershire,RMA,LA
Hertfordshire County Council,PSO Luton Hertfordshire and Essex,RMA,LA
Hertsmere Borough Council,PSO Luton Hertfordshire and Essex,RMA,LA
High Peak Borough Council,PSO Derbyshire and Leicestershire,RMA,LA
Highways England,PSO South East London and North Kent,RMA,WC
Hinckley and Bosworth Borough Council,PSO Warwickshire Birmingham Solihull and Coventry,RMA,LA
Holmewood and District IDB,PSO Cambridge and Bedfordshire,RMA,IDB
Horsham District Council,PSO West Sussex,RMA,LA
Hundred Foot Washes IDB,PSO Cambridge and Bedfordshire,RMA,IDB
Hundred of Wisbech IDB,PSO Welland and Nene,RMA,IDB
Huntingdonshire District Council,PSO Cambridge and Bedfordshire,RMA,LA
Hyndburn Borough Council,PSO Lancashire,RMA,LA
Ipswich Borough Council,PSO Norfolk and Suffolk,RMA,LA
Isle of Wight Council,PSO Hampshire and Isle of Wight,RMA,LA
Kent County Council,PSO West Kent,RMA,LA
Kettering Borough Council,PSO Welland and Nene,RMA,LA
Kings Lynn and West Norfolk Borough Council,PSO Cambridge and Bedfordshire,RMA,LA
Kings Lynn IDB,PSO Cambridge and Bedfordshire,RMA,IDB
Kingston upon Hull City Council,PSO East Yorkshire,RMA,LA
Kirklees Borough Council,PSO West Yorkshire,RMA,LA
Knowsley Borough Council,PSO Cheshire and Merseyside,RMA,LA
Kyle and Upper Ouse IDB,PSO North Yorkshire,RMA,IDB
Lakenheath IDB,PSO Cambridge and Bedfordshire,RMA,IDB
Lancashire County Council,PSO Lancashire,RMA,LA
Lancaster City Council,PSO Lancashire,RMA,LA
Leeds City Council,PSO West Yorkshire,RMA,LA
Leicester City Council,PSO Derbyshire and Leicestershire,RMA,LA
Leicestershire County Council,PSO Derbyshire and Leicestershire,RMA,LA
Lewes District Council,PSO East Sussex,RMA,LA
Lichfield City Council,PSO Warwickshire Birmingham Solihull and Coventry,RMA,LA
Lincoln City Council,PSO Lincolnshire,RMA,LA
Lincolnshire County Council,PSO Lincolnshire,RMA,LA
Lindsey Marsh Drainage Board,PSO Lincolnshire,RMA,IDB
Littleport and Downham IDB,PSO Cambridge and Bedfordshire,RMA,IDB
Liverpool City Council,PSO Cheshire and Merseyside,RMA,LA
London Borough of Barking and Dagenham,PSO London East,RMA,LA
London Borough of Barnet,PSO London West,RMA,LA
London Borough of Bexley,PSO South East London and North Kent,RMA,LA
London Borough of Brent,PSO London West,RMA,LA
London Borough of Bromley,PSO South East London and North Kent,RMA,LA
London Borough of Camden,PSO London West,RMA,LA
London Borough of Croydon,PSO South East London and North Kent,RMA,LA
London Borough of Ealing,PSO London West,RMA,LA
London Borough of Enfield,PSO London East,RMA,LA
London Borough of Greenwich,PSO South East London and North Kent,RMA,LA
London Borough of Hackney,PSO London East,RMA,LA
London Borough of Hammersmith and Fulham,PSO London West,RMA,LA
London Borough of Haringey,PSO London East,RMA,LA
London Borough of Harrow,PSO London West,RMA,LA
London Borough of Havering,PSO London East,RMA,LA
London Borough of Hillingdon,PSO London West,RMA,LA
London Borough of Hounslow,PSO London West,RMA,LA
London Borough of Islington,PSO London West,RMA,LA
London Borough of Kensington and Chelsea,PSO London West,RMA,LA
London Borough of Kingston upon Thames,PSO South West London and Mole,RMA,LA
London Borough of Lambeth,PSO South East London and North Kent,RMA,LA
London Borough of Lewisham,PSO South East London and North Kent,RMA,LA
London Borough of Merton,PSO South West London and Mole,RMA,LA
London Borough of Newham,PSO London East,RMA,LA
London Borough of Redbridge,PSO London East,RMA,LA
London Borough of Richmond upon Thames,PSO South West London and Mole,RMA,LA
London Borough of Southwark,PSO South East London and North Kent,RMA,LA
London Borough of Sutton,PSO South West London and Mole,RMA,LA
London Borough of Tower Hamlets,PSO London East,RMA,LA
London Borough of Waltham Forest,PSO London East,RMA,LA
London Borough of Wandsworth,PSO South West London and Mole,RMA,LA
London Borough of Westminster,PSO London West,RMA,LA
Lower Medway IDB,PSO West Kent,RMA,IDB
Lower Severn (2005) IDB,PSO Shropshire Worcestershire Telford and Wrekin,RMA,IDB
Luton Borough Council,PSO Luton Hertfordshire and Essex,RMA,LA
Maidstone Borough Council,PSO West Kent,RMA,LA
Maldon District Council,PSO Essex,RMA,LA
Malvern Hills District Council,PSO Shropshire Worcestershire Telford and Wrekin,RMA,LA
Manchester City Council,PSO Greater Manchester,RMA,LA
Manea and Welney District Drainage Commissioners,PSO Cambridge and Bedfordshire,RMA,IDB
Mansfield District Council,PSO Nottinghamshire and Tidal Trent,RMA,LA
March and Whittlesey IDB,PSO Cambridge and Bedfordshire,RMA,IDB
March East IDB,PSO Cambridge and Bedfordshire,RMA,IDB
March Fifth District Drainage Commissioners,PSO Cambridge and Bedfordshire,RMA,IDB
March Sixth District Drainage Commissioners,PSO Cambridge and Bedfordshire,RMA,IDB
March Third District Drainage Commissioners,PSO Cambridge and Bedfordshire,RMA,IDB
March West and White Fen IDB,PSO Cambridge and Bedfordshire,RMA,IDB
Medway Council,PSO East Kent,RMA,LA
Melton Borough Council,PSO Derbyshire and Leicestershire,RMA,LA
Melverley IDB,PSO Shropshire Worcestershire Telford and Wrekin,RMA,IDB
Mendip District Council,PSO Somerset,RMA,LA
Mid Devon District Council,PSO East Devon and Cornwall,RMA,LA
Mid Suffolk District Council,PSO Norfolk and Suffolk,RMA,LA
Mid Sussex District Council,PSO West Sussex,RMA,LA
Middle Fen and Mere IDB,PSO Cambridge and Bedfordshire,RMA,IDB
Middle Level Commissioners,PSO Cambridge and Bedfordshire,RMA,IDB
Middlesbrough Borough Council,PSO Durham and Tees Valley,RMA,LA
Mildenhall IDB,PSO Cambridge and Bedfordshire,RMA,IDB
Milton Keynes Council,PSO Cambridge and Bedfordshire,RMA,LA
Mole Valley District Council,PSO South West London and Mole,RMA,LA
Needham and Laddus IDB,PSO Cambridge and Bedfordshire,RMA,IDB
New Forest District Council,PSO Hampshire and Isle of Wight,RMA,LA
Newark and Sherwood District Council,PSO Nottinghamshire and Tidal Trent,RMA,LA
Newcastle Upon Tyne City Council,PSO Tyne and Wear and Northumberland,RMA,LA
Newcastle Under Lyme Borough Council,PSO Cheshire and Merseyside,RMA,LA
Nightlayers IDB,PSO Cambridge and Bedfordshire,RMA,IDB
Nordelph IDB,PSO Cambridge and Bedfordshire,RMA,IDB
Norfolk County Council,PSO Norfolk and Suffolk,RMA,LA
Norfolk Rivers IDB,PSO Norfolk and Suffolk,RMA,IDB
North Devon District Council,PSO East Devon and Cornwall,RMA,LA
North Dorset District Council,PSO Dorset and Wiltshire,RMA,LA
North East Derbyshire District Council,PSO South Yorkshire,RMA,LA
North East Lincolnshire Council,PSO Coastal Lincolnshire and Northamptonshire,RMA,LA
North East Lindsey IDB,PSO Coastal Lincolnshire and Northamptonshire,RMA,IDB
North Hertfordshire District Council,PSO Cambridge and Bedfordshire,RMA,LA
North Kesteven District Council,PSO Lincolnshire,RMA,LA
North Level District (2010) IDB,PSO Welland and Nene,RMA,IDB
North Lincolnshire Council,PSO Lincolnshire,RMA,LA
North Norfolk District Council,PSO Coastal Essex Suffolk and Norfolk,RMA,LA
North Somerset Council,PSO West of England,RMA,LA
North Somerset Levels IDB,PSO West of England,RMA,IDB
North Tyneside Borough Council,PSO Tyne and Wear and Northumberland,RMA,LA
North Warwickshire Borough Council,PSO Warwickshire Birmingham Solihull and Coventry,RMA,LA
North West Leicestershire District Council,PSO Derbyshire and Leicestershire,RMA,LA
North Yorkshire County Council,PSO North Yorkshire,RMA,LA
Northampton Borough Council,PSO Welland and Nene,RMA,LA
Northamptonshire County Council,PSO Welland and Nene,RMA,LA
Northumberland County Council,PSO Tyne and Wear and Northumberland,RMA,LA
Northumbrian Water,PSO Tyne and Wear and Northumberland,RMA,W
Northwold IDB,PSO Cambridge and Bedfordshire,RMA,IDB
Norwich City Council,PSO Norfolk and Suffolk,RMA,LA
Nottingham City Council,PSO Nottinghamshire and Tidal Trent,RMA,LA
Nottinghamshire County Council,PSO Nottinghamshire and Tidal Trent,RMA,LA
Nuneaton and Bedworth Borough Council,PSO Warwickshire Birmingham Solihull and Coventry,RMA,LA
Oadby and Wigston Borough Council,PSO Derbyshire and Leicestershire,RMA,LA
Old West IDB,PSO Cambridge and Bedfordshire,RMA,IDB
Oldham Borough Council,PSO Greater Manchester,RMA,LA
Ouse and Derwent IDB,PSO North Yorkshire,RMA,IDB
Ouse and Humber Drainage Board,PSO North Yorkshire,RMA,IDB
Over and Willingham IDB,PSO Cambridge and Bedfordshire,RMA,IDB
Oxford City Council,PSO Oxfordshire,RMA,LA
Oxfordshire County Council,PSO Oxfordshire,RMA,LA
Padnal and Waterden IDB,PSO Cambridge and Bedfordshire,RMA,IDB
Parrett IDB,PSO Somerset,RMA,IDB
Pendle Borough Council,PSO Lancashire,RMA,LA
Peterborough City Council,PSO Welland and Nene,RMA,LA
Pevensey and Cuckmere Water Level Management Board,PSO East Sussex,RMA,IDB
Pevensey Levels IDB,PSO East Sussex,RMA,IDB
Plymouth City Council,PSO West Devon and Cornwall,RMA,LA
Poole Borough Council,PSO Dorset and Wiltshire,RMA,LA
Portsmouth City Council,PSO Hampshire and Isle of Wight,RMA,LA
Preston City Council,PSO Lancashire,RMA,LA
Purbeck District Council,PSO Dorset and Wiltshire,RMA,LA
Ramsey First (Hollow) District IDB,PSO Cambridge and Bedfordshire,RMA,IDB
Ramsey Fourth (Middlemoor) District IDB,PSO Cambridge and Bedfordshire,RMA,IDB
Ramsey IDB,PSO Cambridge and Bedfordshire,RMA,IDB
Ramsey Upwood and Great Raveley IDB,PSO Cambridge and Bedfordshire,RMA,IDB
Ransonmoor District Drainage Commissioners,PSO Cambridge and Bedfordshire,RMA,IDB
Rawcliffe IDB,PSO East Yorkshire,RMA,IDB
Rea IDB,PSO Shropshire Worcestershire Telford and Wrekin,RMA,IDB
Reading Borough Council,PSO Berkshire and Buckinghamshire,RMA,LA
Redcar and Cleveland Borough Council,PSO Durham and Tees Valley,RMA,LA
Redditch Borough Council,PSO Shropshire Worcestershire Telford and Wrekin,RMA,LA
Reedness and Swinefleet Drainage Commissioners,PSO East Yorkshire,RMA,IDB
Reedness and Swinefleet Drainage Board,PSO East Yorkshire,RMA,IDB
Reigate and Banstead Borough Council,PSO South West London and Mole,RMA,LA
Ribble Valley Borough Council,PSO Lancashire,RMA,LA
Richmondshire District Council,PSO North Yorkshire,RMA,LA
River Lugg IDB,PSO Herefordshire and Gloucestershire,RMA,IDB
River Stour (Kent) IDB,PSO East Kent,RMA,IDB
Rochdale Borough Council,PSO Greater Manchester,RMA,LA
Rochford District Council,PSO Essex,RMA,LA
Romney Marshes Area IDB,PSO East Kent,RMA,IDB
Rossendale Borough Council,PSO Greater Manchester,RMA,LA
Rother District Council,PSO East Kent,RMA,LA
Rotherham Borough Council,PSO South Yorkshire,RMA,LA
Royal Borough of Kensington and Chelsea,PSO London West,RMA,LA
Royal Borough of Kingston upon Thames,PSO South West London and Mole,RMA,LA
Royal Borough of Windsor and Maidenhead,PSO Berkshire and Buckinghamshire,RMA,LA
Rugby Borough Council,PSO Warwickshire Birmingham Solihull and Coventry,RMA,LA
Runnymede Borough Council,PSO Surrey,RMA,LA
Rushcliffe Borough Council,PSO Nottinghamshire and Tidal Trent,RMA,LA
Rushmoor Borough Council,PSO Surrey,RMA,LA
Rutland County Council,PSO Welland and Nene,RMA,LA
Ryedale District Council,PSO North Yorkshire,RMA,LA
Salford City Council,PSO Greater Manchester,RMA,LA
Sandwell Borough Council,PSO Staffordshire and the Black Country,RMA,LA
Sawtry IDB,PSO Cambridge and Bedfordshire,RMA,IDB
Scarborough Borough Council,PSO North Yorkshire,RMA,LA
Scunthorpe and Gainsborough Water Management Board,PSO Lincolnshire,RMA,IDB
Sedgemoor District Council,PSO Somerset,RMA,LA
Sefton Borough Council,PSO Cheshire and Merseyside,RMA,LA
Selby Area IDB,PSO North Yorkshire,RMA,IDB
Selby District Council,PSO North Yorkshire,RMA,LA
Sevenoaks District Council,PSO West Kent,RMA,LA
Severn Trent Water,PSO Warwickshire Birmingham Solihull and Coventry,RMA,WC
Sheffield City Council,PSO South Yorkshire,RMA,LA
Shepway District Council,PSO East Kent,RMA,LA
Shropshire Council,PSO Shropshire Worcestershire Telford and Wrekin,RMA,LA
Slough Borough Council,PSO Berkshire and Buckinghamshire,RMA,LA
Solihull Borough Council,PSO Warwickshire Birmingham Solihull and Coventry,RMA,LA
Somerset County Council,PSO Somerset,RMA,LA
Somerset Drainage Board Consortium,PSO Somerset,RMA,IDB
South Buckinghamshire District Council,PSO London West,RMA,LA
South Cambridgeshire District Council,PSO Cambridge and Bedfordshire,RMA,LA
South Derbyshire District Council,PSO Derbyshire and Leicestershire,RMA,LA
South Gloucestershire Council,PSO West of England,RMA,LA
South Hams District Council,PSO East Devon and Cornwall,RMA,LA
South Holderness IDB,PSO East Yorkshire,RMA,IDB
South Holland District Council,PSO Welland and Nene,RMA,LA
South Holland IDB,PSO Welland and Nene,RMA,IDB
South Kesteven District Council,PSO Welland and Nene,RMA,LA
South Lakeland District Council,PSO Cumbria,RMA,LA
South Norfolk District Council,PSO Norfolk and Suffolk,RMA,LA
South Northamptonshire District Council,PSO Cambridge and Bedfordshire,RMA,LA
South Oxfordshire District Council,PSO Oxfordshire,RMA,LA
South Ribble Borough Council,PSO Lancashire,RMA,LA
South Somerset District Council,PSO Somerset,RMA,LA
South Staffordshire District Council,PSO Warwickshire Birmingham Solihull and Coventry,RMA,LA
South Tyneside Borough Council,PSO Tyne and Wear and Northumberland,RMA,LA
South West Water,PSO West Devon and Cornwall,RMA,WC
Southampton City Council,PSO Hampshire and Isle of Wight,RMA,LA
Southend on Sea Borough Council,PSO Coastal Essex Suffolk and Norfolk,RMA,LA
Southern Water,PSO East Sussex,RMA,WC
Southery and District IDB,PSO Cambridge and Bedfordshire,RMA,IDB
Sow and Penk IDB,PSO Staffordshire and the Black Country,RMA,IDB
Spelthorne Borough Council,PSO London West,RMA,LA
St Albans City Council,PSO Luton Hertfordshire and Essex,RMA,LA
St Edmundsbury Borough Council,PSO Cambridge and Bedfordshire,RMA,LA
St Helens Borough Council,PSO Cheshire and Merseyside,RMA,LA
Stafford Borough Council,PSO Staffordshire and the Black Country,RMA,LA
Staffordshire County Council,PSO Staffordshire and the Black Country,RMA,LA
Staffordshire Moorlands District Council,PSO Staffordshire and the Black Country,RMA,LA
Stevenage Borough Council,PSO Luton Hertfordshire and Essex,RMA,LA
Stockport Borough Council,PSO Greater Manchester,RMA,LA
Stockton on Tees Borough Council,PSO Durham and Tees Valley,RMA,LA
Stoke Ferry IDB,PSO Cambridge and Bedfordshire,RMA,IDB
Stoke on Trent City Council,PSO Staffordshire and the Black Country,RMA,LA
Stratford on Avon District Council,PSO Warwickshire Birmingham Solihull and Coventry,RMA,LA
Strine IDB,PSO Staffordshire and the Black Country,RMA,IDB
Stringside IDB,PSO Cambridge and Bedfordshire,RMA,IDB
Stroud District Council,PSO Herefordshire and Gloucestershire,RMA,LA
Suffolk Coastal District Council,PSO Coastal Essex Suffolk and Norfolk,RMA,LA
Suffolk County Council,PSO Norfolk and Suffolk,RMA,LA
Sunderland City Council,PSO Tyne and Wear and Northumberland,RMA,LA
Surrey County Council,PSO Surrey,RMA,LA
Surrey Heath Borough Council,PSO Surrey,RMA,LA
Sutton and Mepal IDB,PSO Cambridge and Bedfordshire,RMA,IDB
Swaffham IDB,PSO Cambridge and Bedfordshire,RMA,IDB
Swale and Ure Drainage Board,PSO North Yorkshire,RMA,IDB
Swale Borough Council,PSO East Kent,RMA,LA
Swavesey IDB,PSO Cambridge and Bedfordshire,RMA,IDB
Swindon Borough Council,PSO Oxfordshire,RMA,LA
Tameside Borough Council,PSO Greater Manchester,RMA,LA
Tamworth Borough Council,PSO Staffordshire and the Black Country,RMA,LA
Tandridge District Council,PSO South West London and Mole,RMA,LA
Taunton Deane Borough Council,PSO Somerset,RMA,LA
Teignbridge District Council,PSO East Devon and Cornwall,RMA,LA
Telford and Wrekin Borough Council,PSO Shropshire Worcestershire Telford and Wrekin,RMA,LA
Tendring District Council,PSO Coastal Essex Suffolk and Norfolk,RMA,LA
Test Valley Borough Council,PSO Hampshire and Isle of Wight,RMA,LA
Tewkesbury Borough Council,PSO Herefordshire and Gloucestershire,RMA,LA
Thames Water,PSO Oxfordshire,RMA,WC
Thanet District Council,PSO East Kent,RMA,LA
The Isle of Axholme and North Nottinghamshire Water Level Management Board,PSO Lincolnshire,RMA,IDB
Thorntree IDB,PSO Nottinghamshire and Tidal Trent,RMA,IDB
Three Rivers District Council,PSO Luton Hertfordshire and Essex,RMA,LA
Thurrock Council,PSO Essex,RMA,LA
Tonbridge and Malling Borough Council,PSO West Kent,RMA,LA
Torbay Council,PSO East Devon and Cornwall,RMA,LA
Torridge District Council,PSO East Devon and Cornwall,RMA,LA
Trafford Council,PSO Greater Manchester,RMA,LA
Trent Valley IDB,PSO Nottinghamshire and Tidal Trent,RMA,IDB
Tunbridge Wells Borough Council,PSO West Kent,RMA,LA
United Utilities,PSO Cumbria,RMA,WC
Upper Witham IDB,PSO Lincolnshire,RMA,IDB
Upwell IDB,PSO Cambridge and Bedfordshire,RMA,IDB
Uttlesford District Council,PSO Essex,RMA,LA
Vale of Pickering IDB,PSO North Yorkshire,RMA,IDB
Vale of White Horse District Council,PSO Oxfordshire,RMA,LA
Wakefield City Council,PSO West Yorkshire,RMA,LA
Waldersey IDB,PSO Cambridge and Bedfordshire,RMA,IDB
Walsall Borough Council,PSO Warwickshire Birmingham Solihull and Coventry,RMA,LA
Warboys Somersham and Pidley IDB,PSO Cambridge and Bedfordshire,RMA,IDB
Warrington Borough Council,PSO Cheshire and Merseyside,RMA,LA
Warwick District Council,PSO Warwickshire Birmingham Solihull and Coventry,RMA,LA
Warwickshire County Council,PSO Warwickshire Birmingham Solihull and Coventry,RMA,LA
Water Management Alliance ,PSO Norfolk and Suffolk,RMA,IDB
Waterbeach Level IDB,PSO Cambridge and Bedfordshire,RMA,IDB
Watford Borough Council,PSO Luton Hertfordshire and Essex,RMA,LA
Waveney District Council,PSO Coastal Essex Suffolk and Norfolk,RMA,LA
Waveney Lower Yare and Lothingland IDB,PSO Norfolk and Suffolk,RMA,IDB
Waverley Borough Council,PSO Surrey,RMA,LA
Wealden District Council,PSO West Kent,RMA,LA
Welland and Deepings IDB,PSO Welland and Nene,RMA,IDB
Wellingborough Borough Council,PSO Welland and Nene,RMA,LA
Welwyn Hatfield Borough Council,PSO Luton Hertfordshire and Essex,RMA,LA
Wessex Water,PSO Somerset,RMA,WC
West Berkshire Council,PSO Berkshire and Buckinghamshire,RMA,LA
West Devon Borough Council,PSO East Devon and Cornwall,RMA,LA
West Dorset District Council,PSO Dorset and Wiltshire,RMA,LA
West Lancashire District Council,PSO Lancashire,RMA,LA
West Lindsey District Council,PSO Lincolnshire,RMA,LA
West Oxfordshire District Council,PSO Oxfordshire,RMA,LA
West Somerset District Council,PSO Somerset,RMA,LA
West Sussex County Council,PSO West Sussex,RMA,LA
Weymouth and Portland Borough Council,PSO Dorset and Wiltshire,RMA,LA
Whittlesey and District IDB,PSO Cambridge and Bedfordshire,RMA,IDB
Wigan Borough Council,PSO Greater Manchester,RMA,LA
Wiltshire Council,PSO Dorset and Wiltshire,RMA,LA
Winchester City Council,PSO Hampshire and Isle of Wight,RMA,LA
Windsor and Maidenhead Borough Council,PSO Berkshire and Buckinghamshire,RMA,LA
Wirral Metropolitan Borough Council,PSO Cheshire and Merseyside,RMA,LA
Witham First District IDB,PSO Coastal Lincolnshire and Northamptonshire,RMA,IDB
Witham Fourth District IDB,PSO Lincolnshire,RMA,IDB
Witham Third District IDB,PSO Lincolnshire,RMA,IDB
Woking Borough Council,PSO Berkshire and Buckinghamshire,RMA,LA
Wokingham Borough Council,PSO Berkshire and Buckinghamshire,RMA,LA
Wolverhampton City Council,PSO Staffordshire and the Black Country,RMA,LA
Woodwalton Drainage Commissioners,PSO Cambridge and Bedfordshire,RMA,IDB
Worcester City Council,PSO Shropshire Worcestershire Telford and Wrekin,RMA,LA
Worcestershire County Council,PSO Shropshire Worcestershire Telford and Wrekin,RMA,LA
Wychavon District Council,PSO Shropshire Worcestershire Telford and Wrekin,RMA,LA
Wychavon Malvern and Worcester City,PSO Shropshire Worcestershire Telford and Wrekin,RMA,LA
Wycombe District Council,PSO Berkshire and Buckinghamshire,RMA,LA
Wyre Borough Council,PSO Lancashire,RMA,LA
Wyre Forest District Council,PSO Shropshire Worcestershire Telford and Wrekin,RMA,LA
Yorkshire Water,PSO West Yorkshire,RMA,WC
RMA Test Area,PSO Test Area,RMA,LA
